timeStamp,elapsed,label,responseCode,responseMessage,threadName,dataType,success,failureMessage,bytes,sentBytes,grpThreads,allThreads,URL,Latency,IdleTime,Connect
1740377355657,1734,HTTP Request,200,OK,Users 1-15,text,true,,9832,117,20,20,http://www.httpbin.org/,1734,0,1441
1740377356355,1035,HTTP Request,200,OK,Users 1-6,text,true,,9832,117,20,20,http://www.httpbin.org/,1035,0,743
1740377354651,2739,HTTP Request,200,OK,Users 1-14,text,true,,9832,117,20,20,http://www.httpbin.org/,2739,0,2443
1740377353722,3668,HTTP Request,200,OK,Users 1-7,text,true,,9832,117,20,20,http://www.httpbin.org/,3668,0,3370
1740377354165,3226,HTTP Request,200,OK,Users 1-2,text,true,,9832,117,20,20,http://www.httpbin.org/,3225,0,2931
1740377354351,3040,HTTP Request,200,OK,Users 1-10,text,true,,9832,117,20,20,http://www.httpbin.org/,3040,0,2751
1740377354968,2762,HTTP Request,200,OK,Users 1-19,text,true,,9832,117,20,20,http://www.httpbin.org/,2762,0,2130
1740377355957,2406,HTTP Request,200,OK,Users 1-11,text,true,,9832,117,20,20,http://www.httpbin.org/,1434,0,1145
1740377357730,993,HTTP Request,200,OK,Users 1-1,text,true,,9832,117,20,20,http://www.httpbin.org/,993,0,251
1740377358396,636,HTTP Request,200,OK,Users 1-12,text,true,,9832,117,20,20,http://www.httpbin.org/,636,0,327
1740377355526,3763,HTTP Request,200,OK,Users 1-4,text,true,,9832,117,20,20,http://www.httpbin.org/,3506,0,1585
1740377356630,2664,HTTP Request,200,OK,Users 1-3,text,true,,9832,117,20,20,http://www.httpbin.org/,2402,0,484
1740377359174,252,HTTP Request,200,OK,Users 1-11,text,true,,9832,117,20,20,http://www.httpbin.org/,252,0,0
1740377359489,495,HTTP Request,200,OK,Users 1-5,text,true,,9832,117,20,20,http://www.httpbin.org/,495,0,256
1740377359902,245,HTTP Request,200,OK,Users 1-6,text,true,,9832,117,20,20,http://www.httpbin.org/,245,0,0
1740377359955,243,HTTP Request,200,OK,Users 1-15,text,true,,9832,117,20,20,http://www.httpbin.org/,243,0,0
1740377360000,484,HTTP Request,200,OK,Users 1-9,text,true,,9832,117,20,20,http://www.httpbin.org/,484,0,237
1740377360353,312,HTTP Request,200,OK,Users 1-7,text,true,,9832,117,20,20,http://www.httpbin.org/,311,0,0
1740377360218,484,HTTP Request,200,OK,Users 1-13,text,true,,9832,117,20,20,http://www.httpbin.org/,484,0,240
1740377360999,244,HTTP Request,200,OK,Users 1-13,text,true,,9832,117,20,20,http://www.httpbin.org/,244,0,0
1740377360858,479,HTTP Request,200,OK,Users 1-17,text,true,,9832,117,20,20,http://www.httpbin.org/,479,0,238
1740377361155,483,HTTP Request,200,OK,Users 1-18,text,true,,9832,117,20,20,http://www.httpbin.org/,483,0,238
1740377361572,241,HTTP Request,200,OK,Users 1-7,text,true,,9832,117,20,20,http://www.httpbin.org/,240,0,0
1740377361422,480,HTTP Request,200,OK,Users 1-20,text,true,,9832,117,20,20,http://www.httpbin.org/,480,0,238
1740377361839,241,HTTP Request,200,OK,Users 1-19,text,true,,9832,117,20,20,http://www.httpbin.org/,240,0,0
1740377361909,243,HTTP Request,200,OK,Users 1-18,text,true,,9832,117,20,20,http://www.httpbin.org/,243,0,0
1740377362004,239,HTTP Request,200,OK,Users 1-5,text,true,,9832,117,20,20,http://www.httpbin.org/,239,0,0
1740377362097,253,HTTP Request,200,OK,Users 1-1,text,true,,9832,117,20,20,http://www.httpbin.org/,253,0,0
1740377361902,512,HTTP Request,200,OK,Users 1-4,text,true,,9832,117,20,20,http://www.httpbin.org/,260,0,0
1740377361942,627,HTTP Request,200,OK,Users 1-12,text,true,,9832,117,20,20,http://www.httpbin.org/,627,0,0
1740377362349,242,HTTP Request,200,OK,Users 1-15,text,true,,9832,117,20,20,http://www.httpbin.org/,240,0,0
1740377362117,785,HTTP Request,200,OK,Users 1-8,text,true,,9832,117,20,20,http://www.httpbin.org/,784,0,234
1740377363099,244,HTTP Request,200,OK,Users 1-13,text,true,,9832,117,20,20,http://www.httpbin.org/,243,0,0
1740377363103,271,HTTP Request,200,OK,Users 1-12,text,true,,9832,117,20,20,http://www.httpbin.org/,271,0,0
1740377362893,618,HTTP Request,200,OK,Users 1-11,text,true,,9832,117,20,20,http://www.httpbin.org/,618,0,0
1740377363855,244,HTTP Request,200,OK,Users 1-14,text,true,,9832,117,20,20,http://www.httpbin.org/,244,0,0
1740377363597,621,HTTP Request,200,OK,Users 1-10,text,true,,9832,117,20,20,http://www.httpbin.org/,619,0,0
1740377363771,589,HTTP Request,200,OK,Users 1-16,text,true,,9832,117,20,20,http://www.httpbin.org/,589,0,258
1740377364758,244,HTTP Request,200,OK,Users 1-6,text,true,,9832,117,20,20,http://www.httpbin.org/,244,0,0
1740377364933,246,HTTP Request,200,OK,Users 1-13,text,true,,9832,117,20,20,http://www.httpbin.org/,246,0,0
1740377365088,243,HTTP Request,200,OK,Users 1-20,text,true,,9832,117,20,20,http://www.httpbin.org/,243,0,0
1740377364801,709,HTTP Request,200,OK,Users 1-15,text,true,,9832,117,20,20,http://www.httpbin.org/,708,0,0
1740377365872,247,HTTP Request,200,OK,Users 1-9,text,true,,9832,117,20,20,http://www.httpbin.org/,246,0,0
1740377365648,523,HTTP Request,200,OK,Users 1-3,text,true,,9832,117,20,20,http://www.httpbin.org/,266,0,0
1740377366466,346,HTTP Request,200,OK,Users 1-2,text,true,,9832,117,20,20,http://www.httpbin.org/,345,0,0
1740377367464,270,HTTP Request,200,OK,Users 1-19,text,true,,9832,117,20,20,http://www.httpbin.org/,270,0,0
1740377367491,265,HTTP Request,200,OK,Users 1-18,text,true,,9832,117,20,20,http://www.httpbin.org/,265,0,0
1740377367825,268,HTTP Request,200,OK,Users 1-14,text,true,,9832,117,20,20,http://www.httpbin.org/,268,0,0
1740377368084,254,HTTP Request,200,OK,Users 1-11,text,true,,9832,117,20,20,http://www.httpbin.org/,254,0,0
1740377368131,243,HTTP Request,200,OK,Users 1-17,text,true,,9832,117,20,20,http://www.httpbin.org/,243,0,0
1740377370048,259,HTTP Request,200,OK,Users 1-1,text,true,,9832,117,20,20,http://www.httpbin.org/,259,0,0
1740377370170,242,HTTP Request,200,OK,Users 1-7,text,true,,9832,117,20,20,http://www.httpbin.org/,242,0,0
1740377370405,377,HTTP Request,200,OK,Users 1-13,text,true,,9832,117,20,20,http://www.httpbin.org/,377,0,0
1740377370637,262,HTTP Request,200,OK,Users 1-16,text,true,,9832,117,20,20,http://www.httpbin.org/,262,0,0
1740377370568,663,HTTP Request,200,OK,Users 1-3,text,true,,9832,117,20,20,http://www.httpbin.org/,406,0,0
1740377371080,245,HTTP Request,200,OK,Users 1-18,text,true,,9832,117,20,20,http://www.httpbin.org/,245,0,0
1740377371354,244,HTTP Request,200,OK,Users 1-20,text,true,,9832,117,20,20,http://www.httpbin.org/,242,0,0
1740377371201,514,HTTP Request,200,OK,Users 1-4,text,true,,9832,117,20,20,http://www.httpbin.org/,260,0,0
1740377371464,260,HTTP Request,200,OK,Users 1-12,text,true,,9832,117,20,20,http://www.httpbin.org/,258,0,0
1740377371517,246,HTTP Request,200,OK,Users 1-9,text,true,,9832,117,20,20,http://www.httpbin.org/,246,0,0
1740377371756,263,HTTP Request,200,OK,Users 1-3,text,true,,9832,117,20,20,http://www.httpbin.org/,262,0,0
1740377371859,241,HTTP Request,200,OK,Users 1-5,text,true,,9832,117,20,20,http://www.httpbin.org/,241,0,0
1740377371936,245,HTTP Request,200,OK,Users 1-19,text,true,,9832,117,20,20,http://www.httpbin.org/,244,0,0
1740377372728,247,HTTP Request,200,OK,Users 1-9,text,true,,9832,117,20,20,http://www.httpbin.org/,247,0,0
1740377372817,241,HTTP Request,200,OK,Users 1-8,text,true,,9832,117,20,20,http://www.httpbin.org/,241,0,0
1740377372945,243,HTTP Request,200,OK,Users 1-2,text,true,,9832,117,20,20,http://www.httpbin.org/,243,0,0
1740377373097,244,HTTP Request,200,OK,Users 1-6,text,true,,9832,117,20,20,http://www.httpbin.org/,243,0,0
1740377373409,242,HTTP Request,200,OK,Users 1-7,text,true,,9832,117,20,20,http://www.httpbin.org/,241,0,0
1740377373516,251,HTTP Request,200,OK,Users 1-11,text,true,,9832,117,20,20,http://www.httpbin.org/,251,0,0
1740377373898,260,HTTP Request,200,OK,Users 1-8,text,true,,9832,117,20,20,http://www.httpbin.org/,259,0,0
1740377373957,249,HTTP Request,200,OK,Users 1-10,text,true,,9832,117,20,20,http://www.httpbin.org/,249,0,0
1740377373802,649,HTTP Request,200,OK,Users 1-2,text,true,,9832,117,20,20,http://www.httpbin.org/,649,0,0
1740377374326,243,HTTP Request,200,OK,Users 1-15,text,true,,9832,117,20,20,http://www.httpbin.org/,243,0,0
1740377374326,243,HTTP Request,200,OK,Users 1-7,text,true,,9832,117,20,20,http://www.httpbin.org/,243,0,0
1740377374438,482,HTTP Request,200,OK,Users 1-3,text,true,,9832,117,20,20,http://www.httpbin.org/,482,0,0
1740377374749,238,HTTP Request,200,OK,Users 1-8,text,true,,9832,117,20,20,http://www.httpbin.org/,238,0,0
1740377375053,260,HTTP Request,200,OK,Users 1-17,text,true,,9832,117,20,20,http://www.httpbin.org/,259,0,0
1740377375349,271,HTTP Request,200,OK,Users 1-5,text,true,,9832,117,20,20,http://www.httpbin.org/,271,0,0
1740377375662,265,HTTP Request,200,OK,Users 1-18,text,true,,9832,117,20,20,http://www.httpbin.org/,265,0,0
1740377376269,243,HTTP Request,200,OK,Users 1-6,text,true,,9832,117,20,20,http://www.httpbin.org/,242,0,0
1740377376760,247,HTTP Request,200,OK,Users 1-9,text,true,,9832,117,20,20,http://www.httpbin.org/,247,0,0
1740377377094,244,HTTP Request,200,OK,Users 1-14,text,true,,9832,117,20,20,http://www.httpbin.org/,244,0,0
1740377377203,261,HTTP Request,200,OK,Users 1-12,text,true,,9832,117,20,20,http://www.httpbin.org/,261,0,0
1740377376912,643,HTTP Request,200,OK,Users 1-1,text,true,,9832,117,20,20,http://www.httpbin.org/,643,0,0
1740377377302,264,HTTP Request,200,OK,Users 1-16,text,true,,9832,117,20,20,http://www.httpbin.org/,264,0,0
1740377377962,243,HTTP Request,200,OK,Users 1-17,text,true,,9832,117,20,20,http://www.httpbin.org/,243,0,0
1740377378351,241,HTTP Request,200,OK,Users 1-9,text,true,,9832,117,20,20,http://www.httpbin.org/,241,0,0
1740377379073,246,HTTP Request,200,OK,Users 1-19,text,true,,9832,117,20,20,http://www.httpbin.org/,244,0,0
1740377379301,263,HTTP Request,200,OK,Users 1-3,text,true,,9832,117,20,20,http://www.httpbin.org/,261,0,0
1740377379062,558,HTTP Request,200,OK,Users 1-7,text,true,,9832,117,20,20,http://www.httpbin.org/,556,0,0
1740377379490,246,HTTP Request,200,OK,Users 1-13,text,true,,9832,117,20,20,http://www.httpbin.org/,245,0,0
1740377379941,245,HTTP Request,200,OK,Users 1-20,text,true,,9832,117,20,20,http://www.httpbin.org/,245,0,0
1740377380048,504,HTTP Request,200,OK,Users 1-2,text,true,,9832,117,20,20,http://www.httpbin.org/,504,0,0
1740377380264,390,HTTP Request,200,OK,Users 1-7,text,true,,9832,117,20,20,http://www.httpbin.org/,390,0,0
1740377380605,339,HTTP Request,200,OK,Users 1-4,text,true,,9832,117,20,20,http://www.httpbin.org/,339,0,0
1740377380998,355,HTTP Request,200,OK,Users 1-3,text,true,,9832,117,20,20,http://www.httpbin.org/,353,0,0
1740377381771,249,HTTP Request,200,OK,Users 1-15,text,true,,9832,117,20,20,http://www.httpbin.org/,249,0,0
1740377381808,259,HTTP Request,200,OK,Users 1-12,text,true,,9832,117,20,20,http://www.httpbin.org/,259,0,0
1740377381526,558,HTTP Request,200,OK,Users 1-20,text,true,,9832,117,20,20,http://www.httpbin.org/,558,0,0
1740377382015,244,HTTP Request,200,OK,Users 1-2,text,true,,9832,117,20,20,http://www.httpbin.org/,242,0,0
1740377382112,240,HTTP Request,200,OK,Users 1-5,text,true,,9832,117,20,20,http://www.httpbin.org/,240,0,0
1740377382188,252,HTTP Request,200,OK,Users 1-11,text,true,,9832,117,20,20,http://www.httpbin.org/,252,0,0
1740377381990,639,HTTP Request,200,OK,Users 1-10,text,true,,9832,117,20,20,http://www.httpbin.org/,638,0,0
1740377382806,242,HTTP Request,200,OK,Users 1-6,text,true,,9832,117,20,20,http://www.httpbin.org/,241,0,0
1740377382993,245,HTTP Request,200,OK,Users 1-14,text,true,,9832,117,20,20,http://www.httpbin.org/,245,0,0
1740377383475,261,HTTP Request,200,OK,Users 1-4,text,true,,9832,117,20,20,http://www.httpbin.org/,261,0,0
1740377383747,269,HTTP Request,200,OK,Users 1-2,text,true,,9832,117,20,20,http://www.httpbin.org/,269,0,0
1740377383441,760,HTTP Request,200,OK,Users 1-7,text,true,,9832,117,20,20,http://www.httpbin.org/,760,0,0
1740377384016,245,HTTP Request,200,OK,Users 1-18,text,true,,9832,117,20,20,http://www.httpbin.org/,244,0,0
1740377384134,264,HTTP Request,200,OK,Users 1-16,text,true,,9832,117,20,20,http://www.httpbin.org/,264,0,0
1740377384634,260,HTTP Request,200,OK,Users 1-1,text,true,,9832,117,20,20,http://www.httpbin.org/,260,0,0
1740377384873,272,HTTP Request,200,OK,Users 1-8,text,true,,9832,117,20,20,http://www.httpbin.org/,272,0,0
1740377385358,264,HTTP Request,200,OK,Users 1-16,text,true,,9832,117,20,20,http://www.httpbin.org/,264,0,0
1740377385496,244,HTTP Request,200,OK,Users 1-14,text,true,,9832,117,20,20,http://www.httpbin.org/,243,0,0
1740377385549,263,HTTP Request,200,OK,Users 1-3,text,true,,9832,117,20,20,http://www.httpbin.org/,262,0,0
1740377385835,333,HTTP Request,200,OK,Users 1-2,text,true,,9832,117,20,20,http://www.httpbin.org/,331,0,0
1740377386305,243,HTTP Request,200,OK,Users 1-19,text,true,,9832,117,20,20,http://www.httpbin.org/,243,0,0
1740377386347,263,HTTP Request,200,OK,Users 1-16,text,true,,9832,117,20,20,http://www.httpbin.org/,263,0,0
1740377386380,258,HTTP Request,200,OK,Users 1-4,text,true,,9832,117,20,20,http://www.httpbin.org/,258,0,0
1740377386593,247,HTTP Request,200,OK,Users 1-13,text,true,,9832,117,20,20,http://www.httpbin.org/,247,0,0
1740377386770,258,HTTP Request,200,OK,Users 1-4,text,true,,9832,117,20,20,http://www.httpbin.org/,258,0,0
1740377386308,944,HTTP Request,200,OK,Users 1-17,text,true,,9832,117,20,20,http://www.httpbin.org/,944,0,0
1740377387104,241,HTTP Request,200,OK,Users 1-9,text,true,,9832,117,20,20,http://www.httpbin.org/,241,0,0
1740377387194,249,HTTP Request,200,OK,Users 1-11,text,true,,9832,117,20,20,http://www.httpbin.org/,247,0,0
1740377387454,238,HTTP Request,200,OK,Users 1-7,text,true,,9832,117,20,20,http://www.httpbin.org/,238,0,0
1740377387543,242,HTTP Request,200,OK,Users 1-5,text,true,,9832,117,19,19,http://www.httpbin.org/,242,0,0
1740377387999,243,HTTP Request,200,OK,Users 1-15,text,true,,9832,117,19,19,http://www.httpbin.org/,243,0,0
1740377388082,263,HTTP Request,200,OK,Users 1-3,text,true,,9832,117,19,19,http://www.httpbin.org/,263,0,0
1740377388232,243,HTTP Request,200,OK,Users 1-6,text,true,,9832,117,19,19,http://www.httpbin.org/,243,0,0
1740377388418,255,HTTP Request,200,OK,Users 1-20,text,true,,9832,117,19,19,http://www.httpbin.org/,255,0,0
1740377389042,245,HTTP Request,200,OK,Users 1-9,text,true,,9832,117,19,19,http://www.httpbin.org/,245,0,0
1740377389122,253,HTTP Request,200,OK,Users 1-1,text,true,,9832,117,19,19,http://www.httpbin.org/,253,0,0
1740377389218,242,HTTP Request,200,OK,Users 1-19,text,true,,9832,117,19,19,http://www.httpbin.org/,242,0,0
1740377388813,690,HTTP Request,200,OK,Users 1-10,text,true,,9832,117,19,19,http://www.httpbin.org/,690,0,0
1740377389472,281,HTTP Request,200,OK,Users 1-9,text,true,,9832,117,19,19,http://www.httpbin.org/,281,0,0
1740377390269,249,HTTP Request,200,OK,Users 1-18,text,true,,9832,117,19,19,http://www.httpbin.org/,249,0,0
1740377390758,248,HTTP Request,200,OK,Users 1-11,text,true,,9832,117,19,19,http://www.httpbin.org/,248,0,0
1740377390577,512,HTTP Request,200,OK,Users 1-6,text,true,,9832,117,19,19,http://www.httpbin.org/,511,0,0
1740377391457,243,HTTP Request,200,OK,Users 1-13,text,true,,9832,117,19,19,http://www.httpbin.org/,243,0,0
1740377391582,265,HTTP Request,200,OK,Users 1-16,text,true,,9832,117,19,19,http://www.httpbin.org/,264,0,0
1740377392005,306,HTTP Request,200,OK,Users 1-3,text,true,,9832,117,19,19,http://www.httpbin.org/,305,0,0
1740377391989,322,HTTP Request,200,OK,Users 1-12,text,true,,9832,117,19,19,http://www.httpbin.org/,322,0,0
1740377392483,246,HTTP Request,200,OK,Users 1-2,text,true,,9832,117,18,18,http://www.httpbin.org/,246,0,0
1740377393283,246,HTTP Request,200,OK,Users 1-15,text,true,,9832,117,18,18,http://www.httpbin.org/,246,0,0
1740377393334,240,HTTP Request,200,OK,Users 1-20,text,true,,9832,117,18,18,http://www.httpbin.org/,240,0,0
1740377393445,414,HTTP Request,200,OK,Users 1-14,text,true,,9832,117,18,18,http://www.httpbin.org/,413,0,0
1740377393677,306,HTTP Request,200,OK,Users 1-17,text,true,,9832,117,18,18,http://www.httpbin.org/,305,0,0
1740377394020,338,HTTP Request,200,OK,Users 1-1,text,true,,9832,117,18,18,http://www.httpbin.org/,338,0,0
1740377394479,289,HTTP Request,200,OK,Users 1-1,text,true,,9832,117,18,18,http://www.httpbin.org/,289,0,0
1740377394851,327,HTTP Request,200,OK,Users 1-8,text,true,,9832,117,18,18,http://www.httpbin.org/,327,0,0
1740377395482,310,HTTP Request,200,OK,Users 1-4,text,true,,9832,117,18,18,http://www.httpbin.org/,310,0,0
1740377396428,258,HTTP Request,200,OK,Users 1-12,text,true,,9832,117,18,18,http://www.httpbin.org/,258,0,0
1740377396424,265,HTTP Request,200,OK,Users 1-16,text,true,,9832,117,18,18,http://www.httpbin.org/,263,0,0
1740377396515,246,HTTP Request,200,OK,Users 1-19,text,true,,9832,117,18,18,http://www.httpbin.org/,246,0,0
1740377397377,240,HTTP Request,200,OK,Users 1-5,text,true,,9832,117,18,18,http://www.httpbin.org/,240,0,0
1740377398012,244,HTTP Request,200,OK,Users 1-18,text,true,,9832,117,18,18,http://www.httpbin.org/,244,0,0
1740377398507,242,HTTP Request,200,OK,Users 1-19,text,true,,9832,117,18,18,http://www.httpbin.org/,242,0,0
1740377399269,246,HTTP Request,200,OK,Users 1-9,text,true,,9832,117,18,18,http://www.httpbin.org/,246,0,0
1740377399346,248,HTTP Request,200,OK,Users 1-10,text,true,,9832,117,17,17,http://www.httpbin.org/,248,0,0
1740377399434,247,HTTP Request,200,OK,Users 1-2,text,true,,9832,117,17,17,http://www.httpbin.org/,247,0,0
1740377400066,246,HTTP Request,200,OK,Users 1-13,text,true,,9832,117,16,16,http://www.httpbin.org/,246,0,0
1740377400422,260,HTTP Request,200,OK,Users 1-4,text,true,,9832,117,16,16,http://www.httpbin.org/,259,0,0
1740377400664,242,HTTP Request,200,OK,Users 1-20,text,true,,9832,117,16,16,http://www.httpbin.org/,242,0,0
1740377400244,710,HTTP Request,200,OK,Users 1-11,text,true,,9832,117,16,16,http://www.httpbin.org/,710,0,0
1740377401065,576,HTTP Request,200,OK,Users 1-6,text,true,,9832,117,16,16,http://www.httpbin.org/,575,0,0
1740377401207,508,HTTP Request,200,OK,Users 1-14,text,true,,9832,117,16,16,http://www.httpbin.org/,508,0,0
1740377401339,411,HTTP Request,200,OK,Users 1-12,text,true,,9832,117,16,16,http://www.httpbin.org/,409,0,0
1740377401649,243,HTTP Request,200,OK,Users 1-15,text,true,,9832,117,16,16,http://www.httpbin.org/,243,0,0
1740377401713,275,HTTP Request,200,OK,Users 1-1,text,true,,9832,117,16,16,http://www.httpbin.org/,275,0,0
1740377401814,244,HTTP Request,200,OK,Users 1-8,text,true,,9832,117,16,16,http://www.httpbin.org/,243,0,0
1740377401829,246,HTTP Request,200,OK,Users 1-18,text,true,,9832,117,16,16,http://www.httpbin.org/,246,0,0
1740377401925,244,HTTP Request,200,OK,Users 1-17,text,true,,9832,117,16,16,http://www.httpbin.org/,244,0,0
1740377401479,790,HTTP Request,200,OK,Users 1-16,text,true,,9832,117,16,16,http://www.httpbin.org/,789,0,0
1740377401527,802,HTTP Request,200,OK,Users 1-5,text,true,,9832,117,16,16,http://www.httpbin.org/,802,0,0
1740377402330,398,HTTP Request,200,OK,Users 1-5,text,true,,9832,117,16,16,http://www.httpbin.org/,398,0,0
1740377402802,263,HTTP Request,200,OK,Users 1-20,text,true,,9832,117,16,16,http://www.httpbin.org/,263,0,0
1740377403284,247,HTTP Request,200,OK,Users 1-5,text,true,,9832,117,16,16,http://www.httpbin.org/,247,0,0
1740377403428,241,HTTP Request,200,OK,Users 1-6,text,true,,9832,117,15,15,http://www.httpbin.org/,241,0,0
1740377403638,244,HTTP Request,200,OK,Users 1-14,text,true,,9832,117,14,14,http://www.httpbin.org/,244,0,0
1740377404170,248,HTTP Request,200,OK,Users 1-17,text,true,,9832,117,14,14,http://www.httpbin.org/,248,0,0
1740377404586,419,HTTP Request,200,OK,Users 1-11,text,true,,9832,117,14,14,http://www.httpbin.org/,419,0,0
1740377405721,281,HTTP Request,200,OK,Users 1-4,text,true,,9832,117,13,13,http://www.httpbin.org/,281,0,0
1740377407533,247,HTTP Request,200,OK,Users 1-14,text,true,,9832,117,12,12,http://www.httpbin.org/,245,0,0
1740377407640,251,HTTP Request,200,OK,Users 1-19,text,true,,9832,117,11,11,http://www.httpbin.org/,251,0,0
1740377408216,582,HTTP Request,200,OK,Users 1-10,text,true,,9832,117,10,10,http://www.httpbin.org/,581,0,0
1740377408921,243,HTTP Request,200,OK,Users 1-18,text,true,,9832,117,10,10,http://www.httpbin.org/,242,0,0
1740377409792,264,HTTP Request,200,OK,Users 1-12,text,true,,9832,117,9,9,http://www.httpbin.org/,263,0,0
1740377409986,263,HTTP Request,200,OK,Users 1-16,text,true,,9832,117,8,8,http://www.httpbin.org/,263,0,0
1740377410149,243,HTTP Request,200,OK,Users 1-13,text,true,,9832,117,7,7,http://www.httpbin.org/,243,0,0
1740377410249,242,HTTP Request,200,OK,Users 1-15,text,true,,9832,117,6,6,http://www.httpbin.org/,242,0,0
1740377410396,247,HTTP Request,200,OK,Users 1-10,text,true,,9832,117,5,5,http://www.httpbin.org/,247,0,0
1740377410831,240,HTTP Request,200,OK,Users 1-8,text,true,,9832,117,5,5,http://www.httpbin.org/,240,0,0
1740377410964,256,HTTP Request,200,OK,Users 1-1,text,true,,9832,117,5,5,http://www.httpbin.org/,256,0,0
1740377411259,301,HTTP Request,200,OK,Users 1-17,text,true,,9832,117,4,4,http://www.httpbin.org/,301,0,0
1740377412855,345,HTTP Request,200,OK,Users 1-20,text,true,,9832,117,4,4,http://www.httpbin.org/,345,0,0
1740377415406,559,HTTP Request,200,OK,Users 1-10,text,true,,9832,117,3,3,http://www.httpbin.org/,559,0,263
1740377417260,344,HTTP Request,200,OK,Users 1-8,text,true,,9832,117,3,3,http://www.httpbin.org/,344,0,0
1740377420237,245,HTTP Request,200,OK,Users 1-17,text,true,,9832,117,3,3,http://www.httpbin.org/,244,0,0
1740377423886,374,HTTP Request,200,OK,Users 1-10,text,true,,9832,117,2,2,http://www.httpbin.org/,373,0,0
1740377424823,562,HTTP Request,200,OK,Users 1-8,text,true,,9832,117,1,1,http://www.httpbin.org/,562,0,242
